locationabbr,year,COPD_Prevalence_overall,COPD_Prevalence_sex_diff,COPD_Prevalence_race_diff,Smoking_Rate_overall,Smoking_Rate_sex_diff,Smoking_Rate_race_diff,Mortality_Underlying_overall,Mortality_Underlying_sex_diff,Mortality_Underlying_race_diff,Mortality_Any_Cause_overall,Mortality_Any_Cause_sex_diff,Mortality_Any_Cause_race_diff,Hospitalization_Any_Dx_overall,Hospitalization_Any_Dx_sex_diff,Hospitalization_Any_Dx_race_diff,Hospitalization_Principal_Dx_overall,Hospitalization_Principal_Dx_sex_diff,Hospitalization_Principal_Dx_race_diff,COPD_Prevalence_yoy_change,Smoking_Rate_yoy_change,Mortality_Underlying_yoy_change,Mortality_Any_Cause_yoy_change,Hospitalization_Any_Dx_yoy_change,Hospitalization_Principal_Dx_yoy_change,Smoking_vs_Prevalence_Diff,Mortality_Any_vs_Underlying_Diff
AK,2019,46.0,4.0,-0.3037037037037037,544.0,-73.0,-84.79245283018868,0.8170000000000001,-0.248,-0.40193805309734515,1.7369999999999999,0.11099999999999999,-0.5061056910569106,42.77,-2.4399999999999977,3.539999999999999,3.66,-1.7400000000000002,4.654876033057851,0.0,0.0,0.0,0.0,0.0,0.0,498.0,0.9199999999999998
AK,2020,46.0,-15.0,-52.0,391.0,-138.0,-84.79245283018868,0.818,0.17800000000000005,-0.40193805309734515,1.9340000000000002,0.7949999999999999,-0.5061056910569106,34.86,2.510000000000005,9.619999999999997,1.64,-0.11999999999999988,4.654876033057851,0.0,-153.0,0.0009999999999998899,0.19700000000000029,-7.910000000000004,-2.0200000000000005,345.0,1.116
AK,2021,55.0,-6.0,-0.3037037037037037,361.0,-95.0,-84.79245283018868,0.9309999999999999,-0.0119999999999999,-0.40193805309734515,2.451,0.8280000000000003,-0.5061056910569106,37.15,-1.4200000000000017,6.470000000000006,1.6,-0.45999999999999996,4.654876033057851,9.0,-30.0,0.11299999999999999,0.5169999999999999,2.289999999999999,-0.039999999999999813,306.0,1.52
AK,2022,54.0,-12.0,-0.3037037037037037,392.02515723270443,8.953333333333333,-84.79245283018868,1.0780064102564104,0.18850000000000003,-0.40193805309734515,2.453153846153846,0.7915128205128206,-0.5061056910569106,80.58839743589745,8.322179487179486,41.799090909090914,5.83576923076923,-0.6416025641025641,4.654876033057851,-1.0,0.0,0.0,0.0,0.0,0.0,331.4842767295597,1.375147435897436
AL,2019,93.0,-21.0,-29.0,435.0,89.0,-142.0,1.545,0.39700000000000024,-0.9370000000000002,2.4290000000000003,0.8810000000000002,-1.2589999999999997,127.15,16.379999999999995,24.139999999999986,14.93,-1.3200000000000003,2.209999999999999,0.0,0.0,0.0,0.0,0.0,0.0,342.0,0.8840000000000003
AL,2020,89.0,-12.0,-7.0,484.0,-37.0,-224.0,1.47,0.355,-0.84,2.6439999999999997,1.0290000000000004,-1.259,109.27,19.25,35.28999999999999,9.01,0.1899999999999995,2.8100000000000005,-4.0,49.0,-0.07499999999999996,0.2149999999999994,-17.88000000000001,-5.92,395.0,1.1739999999999997
AL,2021,86.0,-10.0,-9.0,437.0,97.0,-1.0,1.4080000000000001,0.264,-0.8520000000000001,2.652,0.8399999999999999,-1.3389999999999997,114.29,16.17,37.95000000000002,8.27,-0.6200000000000001,2.950000000000001,-3.0,-47.0,-0.06199999999999983,0.008000000000000451,5.02000000000001,-0.7400000000000002,351.0,1.244
AL,2022,83.0,-22.0,-5.0,392.02515723270443,8.953333333333333,-84.79245283018868,1.0780064102564104,0.18850000000000003,-0.40193805309734515,2.453153846153846,0.7915128205128206,-0.5061056910569106,80.58839743589745,8.322179487179486,41.799090909090914,5.83576923076923,-0.6416025641025641,4.654876033057851,-3.0,0.0,0.0,0.0,0.0,0.0,331.4842767295597,1.375147435897436
AR,2019,97.0,-22.0,-12.0,523.0,44.0,-105.0,1.671,0.30400000000000005,-1.086,3.0810000000000004,1.025,-1.5899999999999999,94.7,3.839999999999989,-2.260000000000005,8.67,-1.79,0.3600000000000012,0.0,0.0,0.0,0.0,0.0,0.0,426.0,1.4100000000000004
AR,2020,81.0,-18.0,-8.0,483.0,-75.0,-84.79245283018868,1.6840000000000002,0.30000000000000004,-0.9000000000000001,3.234,0.8819999999999997,-1.366,82.32,3.700000000000003,11.819999999999993,5.28,-0.96,0.9200000000000008,-16.0,-40.0,0.013000000000000123,0.15299999999999958,-12.38000000000001,-3.3899999999999997,402.0,1.5499999999999998
AR,2021,87.0,-14.0,-20.0,476.0,-53.0,224.0,1.709,0.2120000000000002,-0.9859999999999999,3.4310000000000005,0.8210000000000002,-1.3929999999999998,85.44,3.4399999999999977,14.63000000000001,5.09,-1.1900000000000004,0.8300000000000001,6.0,-7.0,0.02499999999999991,0.1970000000000005,3.1200000000000045,-0.1900000000000004,389.0,1.7220000000000004
AR,2022,89.0,-25.0,4.0,392.02515723270443,8.953333333333333,-84.79245283018868,1.0780064102564104,0.18850000000000003,-0.40193805309734515,2.453153846153846,0.7915128205128206,-0.5061056910569106,80.58839743589745,8.322179487179486,41.799090909090914,5.83576923076923,-0.6416025641025641,4.654876033057851,2.0,0.0,0.0,0.0,0.0,0.0,331.4842767295597,1.375147435897436
AZ,2019,60.0,-14.0,24.0,438.0,-13.0,-84.79245283018868,1.048,0.1449999999999999,-0.32999999999999996,1.811,0.47899999999999987,-0.359,78.52,2.4599999999999937,32.81999999999999,6.15,-1.38,3.030000000000001,0.0,0.0,0.0,0.0,0.0,0.0,378.0,0.7629999999999999
AZ,2020,54.0,-3.0,20.0,266.0,108.0,-84.79245283018868,0.997,0.14300000000000013,-0.4590000000000001,2.008,0.6089999999999995,-0.45599999999999996,66.95,2.1399999999999864,30.319999999999993,4.2,-0.52,3.1099999999999994,-6.0,-172.0,-0.051000000000000045,0.19700000000000006,-11.569999999999993,-1.9500000000000002,212.0,1.0110000000000001
AZ,2021,51.0,-11.0,-1.0,299.0,-30.0,-84.79245283018868,1.013,0.05999999999999994,-0.43200000000000005,2.103,0.4630000000000001,-0.544,68.12,1.3700000000000045,38.629999999999995,3.67,-0.9100000000000001,4.0,-3.0,33.0,0.015999999999999903,0.0950000000000002,1.1700000000000017,-0.5300000000000002,248.0,1.0900000000000003
AZ,2022,59.0,-20.0,-0.3037037037037037,392.02515723270443,8.953333333333333,-84.79245283018868,1.0780064102564104,0.18850000000000003,-0.40193805309734515,2.453153846153846,0.7915128205128206,-0.5061056910569106,80.58839743589745,8.322179487179486,41.799090909090914,5.83576923076923,-0.6416025641025641,4.654876033057851,8.0,0.0,0.0,0.0,0.0,0.0,331.4842767295597,1.375147435897436
CA,2019,42.0,-6.0,-10.0,226.0,76.0,-84.79245283018868,0.797,0.17399999999999982,-0.11600000000000021,1.617,0.5819999999999999,-0.002000000000000224,81.91,10.260000000000005,73.52,7.12,-0.5100000000000007,8.739999999999998,0.0,0.0,0.0,0.0,0.0,0.0,184.0,0.82
CA,2020,51.0,-11.0,-0.3037037037037037,228.0,8.953333333333333,-84.79245283018868,0.767,0.16699999999999993,0.018000000000000016,1.715,0.6540000000000001,0.29300000000000015,67.08,11.079999999999998,69.41000000000001,4.15,0.040000000000000036,6.7700000000000005,9.0,2.0,-0.030000000000000027,0.09800000000000009,-14.829999999999998,-2.9699999999999998,177.0,0.9480000000000001
CA,2021,44.0,0.0,2.0,203.0,-9.0,-84.79245283018868,0.716,0.17000000000000004,-0.051999999999999935,1.689,0.629,0.06999999999999984,65.36,9.309999999999995,74.28999999999999,3.47,-0.13999999999999968,5.48,-7.0,-25.0,-0.051000000000000045,-0.026000000000000023,-1.7199999999999989,-0.6800000000000002,159.0,0.9730000000000001
CA,2022,44.0,-6.0,-1.0,392.02515723270443,8.953333333333333,-84.79245283018868,1.0780064102564104,0.18850000000000003,-0.40193805309734515,2.453153846153846,0.7915128205128206,-0.5061056910569106,80.58839743589745,8.322179487179486,41.799090909090914,5.83576923076923,-0.6416025641025641,4.654876033057851,0.0,0.0,0.0,0.0,0.0,0.0,331.4842767295597,1.375147435897436
CO,2019,43.0,-9.0,10.0,378.0,-136.0,-84.79245283018868,1.137,0.23899999999999988,-0.3779999999999999,2.634,0.8479999999999999,-0.22999999999999954,78.0,5.909999999999997,34.72,4.61,-0.3899999999999997,4.8,0.0,0.0,0.0,0.0,0.0,0.0,335.0,1.4969999999999999
CO,2020,43.0,-8.0,36.0,396.0,92.0,-84.79245283018868,1.0890000000000002,0.2549999999999999,-0.16100000000000014,2.946,1.005,0.887,68.52,5.199999999999989,54.52999999999999,2.98,-0.08999999999999986,4.63,0.0,18.0,-0.04799999999999982,0.3120000000000003,-9.480000000000004,-1.6300000000000003,353.0,1.857
CO,2021,48.0,-12.0,30.0,348.0,37.0,-84.79245283018868,1.045,0.22999999999999987,-0.28400000000000003,2.969,0.9840000000000004,0.45500000000000007,69.31,4.890000000000001,59.379999999999995,2.68,-0.3999999999999999,1.83,5.0,-48.0,-0.04400000000000026,0.022999999999999687,0.7900000000000063,-0.2999999999999998,300.0,1.924
CO,2022,49.0,-3.0,-0.3037037037037037,392.02515723270443,8.953333333333333,-84.79245283018868,1.0780064102564104,0.18850000000000003,-0.40193805309734515,2.453153846153846,0.7915128205128206,-0.5061056910569106,80.58839743589745,8.322179487179486,41.799090909090914,5.83576923076923,-0.6416025641025641,4.654876033057851,1.0,0.0,0.0,0.0,0.0,0.0,331.4842767295597,1.375147435897436
CT,2019,46.0,-6.0,-4.0,366.0,-1.0,-84.79245283018868,0.763,0.07300000000000006,-0.30900000000000005,1.541,0.2509999999999999,-0.615,104.06,12.5,39.72999999999999,7.71,-1.4600000000000009,1.4999999999999991,0.0,0.0,0.0,0.0,0.0,0.0,320.0,0.7779999999999999
CT,2020,46.0,-6.0,-23.0,359.0,-18.0,-84.79245283018868,0.663,0.1489999999999999,-0.2660000000000001,1.69,0.4119999999999997,-0.28400000000000003,92.77,13.059999999999988,48.38000000000001,4.95,-0.4299999999999997,2.29,0.0,-7.0,-0.09999999999999998,0.14900000000000002,-11.290000000000006,-2.76,313.0,1.027
CT,2021,45.0,-7.0,3.0,309.0,77.0,-84.79245283018868,0.648,0.06500000000000006,-0.296,1.436,0.30699999999999994,-0.4129999999999998,97.75,11.159999999999997,54.84,5.11,-0.8000000000000007,1.5,-1.0,-50.0,-0.015000000000000013,-0.254,4.980000000000004,0.16000000000000014,264.0,0.7879999999999999
CT,2022,50.0,-16.0,-5.0,392.02515723270443,8.953333333333333,-84.79245283018868,1.0780064102564104,0.18850000000000003,-0.40193805309734515,2.453153846153846,0.7915128205128206,-0.5061056910569106,80.58839743589745,8.322179487179486,41.799090909090914,5.83576923076923,-0.6416025641025641,4.654876033057851,5.0,0.0,0.0,0.0,0.0,0.0,331.4842767295597,1.375147435897436
DC,2019,49.0,-27.0,65.0,261.0,8.953333333333333,-84.79245283018868,0.508,0.10199999999999992,0.39999999999999997,1.195,0.32499999999999996,1.218,56.03,1.5300000000000011,62.45,7.72,-0.16999999999999993,10.72,0.0,0.0,0.0,0.0,0.0,0.0,212.0,0.687
DC,2020,46.0,-13.0,47.0,249.0,8.953333333333333,-84.79245283018868,0.525,-0.04700000000000004,0.533,1.557,0.11699999999999977,1.7750000000000004,49.74,1.1099999999999994,58.629999999999995,5.26,-0.5800000000000001,7.09,-3.0,-12.0,0.017000000000000015,0.3619999999999999,-6.289999999999999,-2.46,203.0,1.032
DC,2021,48.0,-8.0,44.0,248.0,8.953333333333333,-84.79245283018868,0.406,0.10599999999999998,0.23900000000000005,1.43,0.4990000000000001,1.427,53.41,1.9500000000000028,67.3,5.15,0.010000000000000675,7.919999999999999,2.0,-1.0,-0.119,-0.127,3.6699999999999946,-0.10999999999999943,200.0,1.024
DC,2022,41.0,-12.0,54.0,392.02515723270443,8.953333333333333,-84.79245283018868,1.0780064102564104,0.18850000000000003,-0.40193805309734515,2.453153846153846,0.7915128205128206,-0.5061056910569106,80.58839743589745,8.322179487179486,41.799090909090914,5.83576923076923,-0.6416025641025641,4.654876033057851,-7.0,0.0,0.0,0.0,0.0,0.0,331.4842767295597,1.375147435897436
DE,2019,73.0,4.0,18.0,419.0,107.0,-84.79245283018868,0.976,-0.08200000000000007,-0.3659999999999999,1.8319999999999999,0.42500000000000004,-0.5780000000000001,66.45,2.0700000000000074,12.170000000000002,8.72,-2.130000000000001,2.1099999999999994,0.0,0.0,0.0,0.0,0.0,0.0,346.0,0.8559999999999999
DE,2020,52.0,7.0,-20.0,325.0,-127.0,-84.79245283018868,0.899,0.12199999999999989,-0.52,2.182,0.4630000000000001,-0.7010000000000001,53.55,4.729999999999997,9.030000000000001,4.62,-0.71,1.92,-21.0,-94.0,-0.07699999999999996,0.3500000000000001,-12.900000000000006,-4.1000000000000005,273.0,1.283
DE,2021,53.0,-5.0,8.0,366.0,77.0,-84.79245283018868,0.986,0.1170000000000001,-0.383,2.207,0.7220000000000002,-0.8090000000000002,55.45,5.32,14.229999999999997,4.04,-0.5899999999999999,2.69,1.0,41.0,0.08699999999999997,0.02499999999999991,1.9000000000000057,-0.5800000000000001,313.0,1.2209999999999999
DE,2022,63.0,-22.0,22.0,392.02515723270443,8.953333333333333,-84.79245283018868,1.0780064102564104,0.18850000000000003,-0.40193805309734515,2.453153846153846,0.7915128205128206,-0.5061056910569106,80.58839743589745,8.322179487179486,41.799090909090914,5.83576923076923,-0.6416025641025641,4.654876033057851,10.0,0.0,0.0,0.0,0.0,0.0,331.4842767295597,1.375147435897436
FL,2019,66.0,-17.0,-24.0,355.0,-18.0,-181.0,0.971,0.1329999999999999,-0.541,1.9869999999999999,0.581,-0.9950000000000001,121.51,10.079999999999998,48.2,12.18,-1.4000000000000004,6.8000000000000025,0.0,0.0,0.0,0.0,0.0,0.0,289.0,1.016
FL,2020,62.0,-8.0,-27.0,445.0,45.0,-127.0,0.925,0.15799999999999992,-0.502,2.205,0.7060000000000002,-0.8070000000000002,106.6,9.990000000000009,53.49000000000001,7.7,-0.8599999999999994,4.69,-4.0,90.0,-0.04599999999999993,0.2180000000000002,-14.91000000000001,-4.4799999999999995,383.0,1.28
FL,2021,60.967289719626166,-10.94811320754717,-0.3037037037037037,392.02515723270443,8.953333333333333,-84.79245283018868,0.8840000000000001,0.1279999999999999,-0.43500000000000016,2.184,0.6320000000000001,-0.9149999999999998,111.39,6.969999999999999,59.39999999999999,7.22,-1.13,4.999999999999999,0.0,0.0,-0.040999999999999925,-0.020999999999999908,4.790000000000006,-0.4800000000000004,331.4842767295597,1.3
FL,2022,62.0,-6.0,-16.0,392.02515723270443,8.953333333333333,-84.79245283018868,1.0780064102564104,0.18850000000000003,-0.40193805309734515,2.453153846153846,0.7915128205128206,-0.5061056910569106,80.58839743589745,8.322179487179486,41.799090909090914,5.83576923076923,-0.6416025641025641,4.654876033057851,0.0,0.0,0.0,0.0,0.0,0.0,331.4842767295597,1.375147435897436
GA,2019,70.0,-8.0,-30.0,503.0,75.0,-10.0,1.167,0.18400000000000016,-0.75,1.993,0.5549999999999997,-1.019,103.05,10.590000000000003,23.560000000000002,10.3,-1.1600000000000001,2.92,0.0,0.0,0.0,0.0,0.0,0.0,433.0,0.8260000000000001
GA,2020,62.0,-10.0,-20.0,390.0,60.0,-164.0,1.149,0.28300000000000014,-0.646,2.12,0.673,-0.9670000000000001,88.83,11.310000000000002,31.27000000000001,6.68,-0.27000000000000046,3.1000000000000005,-8.0,-113.0,-0.018000000000000016,0.127,-14.219999999999999,-3.620000000000001,328.0,0.9710000000000001
GA,2021,62.0,-22.0,-21.0,375.0,-141.0,-206.0,1.1440000000000001,0.15700000000000003,-0.6999999999999997,2.253,0.653,-1.1560000000000001,93.52,7.429999999999993,33.24000000000001,6.6,-0.6600000000000001,3.3600000000000003,0.0,-15.0,-0.004999999999999893,0.133,4.689999999999998,-0.08000000000000007,313.0,1.109
GA,2022,66.0,-29.0,-2.0,392.02515723270443,8.953333333333333,-84.79245283018868,1.0780064102564104,0.18850000000000003,-0.40193805309734515,2.453153846153846,0.7915128205128206,-0.5061056910569106,80.58839743589745,8.322179487179486,41.799090909090914,5.83576923076923,-0.6416025641025641,4.654876033057851,4.0,0.0,0.0,0.0,0.0,0.0,331.4842767295597,1.375147435897436
GU,2019,34.0,5.0,-0.3037037037037037,460.0,265.0,-84.79245283018868,1.0780064102564104,0.18850000000000003,-0.40193805309734515,2.453153846153846,0.7915128205128206,-0.5061056910569106,80.58839743589745,8.322179487179486,41.799090909090914,5.83576923076923,-0.6416025641025641,4.654876033057851,0.0,0.0,0.0,0.0,0.0,0.0,426.0,1.375147435897436
GU,2020,37.0,-18.0,-0.3037037037037037,271.0,8.953333333333333,-84.79245283018868,1.0780064102564104,0.18850000000000003,-0.40193805309734515,2.453153846153846,0.7915128205128206,-0.5061056910569106,80.58839743589745,8.322179487179486,41.799090909090914,5.83576923076923,-0.6416025641025641,4.654876033057851,3.0,-189.0,0.0,0.0,0.0,0.0,234.0,1.375147435897436
GU,2021,60.967289719626166,-10.94811320754717,-0.3037037037037037,392.02515723270443,8.953333333333333,-84.79245283018868,1.0780064102564104,0.18850000000000003,-0.40193805309734515,2.453153846153846,0.7915128205128206,-0.5061056910569106,80.58839743589745,8.322179487179486,41.799090909090914,5.83576923076923,-0.6416025641025641,4.654876033057851,0.0,0.0,0.0,0.0,0.0,0.0,331.4842767295597,1.375147435897436
GU,2022,55.0,-10.94811320754717,-0.3037037037037037,392.02515723270443,8.953333333333333,-84.79245283018868,1.0780064102564104,0.18850000000000003,-0.40193805309734515,2.453153846153846,0.7915128205128206,-0.5061056910569106,80.58839743589745,8.322179487179486,41.799090909090914,5.83576923076923,-0.6416025641025641,4.654876033057851,0.0,0.0,0.0,0.0,0.0,0.0,331.4842767295597,1.375147435897436
HI,2019,40.0,1.0,-0.3037037037037037,260.0,109.0,-84.79245283018868,0.445,0.306,-0.40193805309734515,0.927,0.7120000000000001,-0.5061056910569106,54.54,15.740000000000002,-1.9399999999999977,5.51,0.2400000000000002,4.654876033057851,0.0,0.0,0.0,0.0,0.0,0.0,220.0,0.48200000000000004
HI,2020,32.0,1.0,-0.3037037037037037,269.0,8.953333333333333,-84.79245283018868,0.439,0.26799999999999996,-0.40193805309734515,0.966,0.687,-0.5061056910569106,43.65,14.329999999999998,-8.54,2.98,0.43000000000000016,4.654876033057851,-8.0,9.0,-0.006000000000000005,0.038999999999999924,-10.89,-2.53,237.0,0.5269999999999999
HI,2021,30.0,1.0,-0.3037037037037037,195.0,177.0,-84.79245283018868,0.46,0.31900000000000006,-0.40193805309734515,1.074,0.6460000000000001,-0.5061056910569106,43.96,15.630000000000003,-13.709999999999994,3.01,0.3599999999999999,4.654876033057851,-2.0,-74.0,0.02100000000000002,0.1080000000000001,0.3100000000000023,0.029999999999999805,165.0,0.6140000000000001
HI,2022,30.0,0.0,-0.3037037037037037,392.02515723270443,8.953333333333333,-84.79245283018868,1.0780064102564104,0.18850000000000003,-0.40193805309734515,2.453153846153846,0.7915128205128206,-0.5061056910569106,80.58839743589745,8.322179487179486,41.799090909090914,5.83576923076923,-0.6416025641025641,4.654876033057851,0.0,0.0,0.0,0.0,0.0,0.0,331.4842767295597,1.375147435897436
IA,2019,55.0,-7.0,66.0,421.0,-30.0,-84.79245283018868,1.201,0.33099999999999996,-0.40193805309734515,2.6639999999999997,1.2189999999999999,0.1280000000000001,65.13,18.039999999999992,114.51,4.58,-0.2400000000000002,10.809999999999999,0.0,0.0,0.0,0.0,0.0,0.0,366.0,1.4629999999999996
IA,2020,56.0,1.0,-0.3037037037037037,472.0,31.0,-84.79245283018868,1.08,0.3809999999999999,-0.40193805309734515,2.867,1.294,0.4639999999999995,55.31,14.699999999999996,103.47,2.67,0.11000000000000032,2.9699999999999998,1.0,51.0,-0.121,0.2030000000000003,-9.819999999999993,-1.9100000000000001,416.0,1.787
IA,2021,59.0,-10.0,-0.3037037037037037,401.0,-31.0,-84.79245283018868,1.104,0.32599999999999996,0.276,2.842,1.4289999999999998,1.794000000000001,53.46,12.68,107.91000000000001,2.64,-0.14000000000000012,5.220000000000001,3.0,-71.0,0.02400000000000002,-0.02499999999999991,-1.8500000000000014,-0.029999999999999805,342.0,1.738
IA,2022,58.0,-11.0,47.0,392.02515723270443,8.953333333333333,-84.79245283018868,1.0780064102564104,0.18850000000000003,-0.40193805309734515,2.453153846153846,0.7915128205128206,-0.5061056910569106,80.58839743589745,8.322179487179486,41.799090909090914,5.83576923076923,-0.6416025641025641,4.654876033057851,-1.0,0.0,0.0,0.0,0.0,0.0,331.4842767295597,1.375147435897436
ID,2019,47.0,-5.0,-0.3037037037037037,366.0,-12.0,-84.79245283018868,1.33,0.16200000000000014,-0.40193805309734515,2.5980000000000003,0.7120000000000002,-0.5061056910569106,52.3,4.93,5.640000000000001,3.61,-0.52,4.654876033057851,0.0,0.0,0.0,0.0,0.0,0.0,319.0,1.2680000000000002
ID,2020,52.0,-4.0,-0.3037037037037037,309.0,-29.0,-84.79245283018868,1.091,0.281,-0.40193805309734515,2.503,0.8940000000000001,-0.5061056910569106,46.1,3.480000000000004,42.47999999999999,2.29,-0.31000000000000005,4.654876033057851,5.0,-57.0,-0.2390000000000001,-0.0950000000000002,-6.199999999999996,-1.3199999999999998,257.0,1.4120000000000001
ID,2021,52.0,-12.0,-0.3037037037037037,328.0,84.0,-84.79245283018868,1.18,0.17900000000000005,-0.40193805309734515,2.7600000000000002,0.911,-0.5061056910569106,44.29,3.8900000000000006,20.53,2.35,-0.5299999999999998,4.654876033057851,0.0,19.0,0.08899999999999997,0.2570000000000001,-1.8100000000000023,0.06000000000000005,276.0,1.5800000000000003
ID,2022,55.0,-3.0,-0.3037037037037037,392.02515723270443,8.953333333333333,-84.79245283018868,1.0780064102564104,0.18850000000000003,-0.40193805309734515,2.453153846153846,0.7915128205128206,-0.5061056910569106,80.58839743589745,8.322179487179486,41.799090909090914,5.83576923076923,-0.6416025641025641,4.654876033057851,3.0,0.0,0.0,0.0,0.0,0.0,331.4842767295597,1.375147435897436
IL,2019,53.0,-8.0,9.0,397.0,264.0,-101.0,0.961,0.18699999999999994,-0.17900000000000005,1.7890000000000001,0.4929999999999999,-0.32000000000000006,98.76,11.240000000000009,68.58,9.5,-1.2199999999999989,9.309999999999999,0.0,0.0,0.0,0.0,0.0,0.0,344.0,0.8280000000000002
IL,2020,57.0,-12.0,14.0,323.0,-93.0,-84.79245283018868,0.93,0.18300000000000005,-0.135,2.0869999999999997,0.6640000000000001,0.18900000000000006,83.63,11.600000000000009,70.11999999999999,5.59,-0.15000000000000036,7.27,4.0,-74.0,-0.030999999999999917,0.2979999999999996,-15.13000000000001,-3.91,266.0,1.1569999999999996
IL,2021,49.0,1.0,12.0,398.0,132.0,-84.79245283018868,0.868,0.20499999999999996,-0.11499999999999999,1.906,0.6619999999999999,-0.08400000000000007,86.97,9.510000000000005,81.60999999999999,5.23,-0.6899999999999995,8.010000000000002,-8.0,75.0,-0.062000000000000055,-0.18099999999999983,3.3400000000000034,-0.35999999999999943,349.0,1.0379999999999998
IL,2022,52.0,-14.0,49.0,392.02515723270443,8.953333333333333,-84.79245283018868,1.0780064102564104,0.18850000000000003,-0.40193805309734515,2.453153846153846,0.7915128205128206,-0.5061056910569106,80.58839743589745,8.322179487179486,41.799090909090914,5.83576923076923,-0.6416025641025641,4.654876033057851,3.0,0.0,0.0,0.0,0.0,0.0,331.4842767295597,1.375147435897436
IN,2019,83.0,-24.0,-17.0,505.0,22.0,15.0,1.555,0.29000000000000004,-0.40100000000000025,3.282,0.9889999999999999,-0.7640000000000007,115.57,14.430000000000007,61.360000000000014,10.89,-1.0,7.08,0.0,0.0,0.0,0.0,0.0,0.0,422.0,1.727
IN,2020,76.0,-17.0,-4.0,481.0,-7.0,-24.0,1.493,0.32199999999999984,-0.3370000000000002,3.577,1.162,-0.43100000000000005,100.76,17.64,64.54,6.31,-0.3700000000000001,5.03,-7.0,-24.0,-0.06199999999999983,0.29499999999999993,-14.809999999999988,-4.580000000000001,405.0,2.0839999999999996
IN,2021,78.0,-18.0,11.0,424.0,44.0,84.0,1.435,0.2549999999999999,-0.43399999999999994,3.3739999999999997,0.919,-0.6789999999999998,107.31,13.150000000000006,82.92999999999999,6.21,-0.8700000000000001,6.4799999999999995,2.0,-57.0,-0.05800000000000005,-0.2030000000000003,6.549999999999997,-0.09999999999999964,346.0,1.9389999999999996
IN,2022,81.0,-11.0,0.0,392.02515723270443,8.953333333333333,-84.79245283018868,1.0780064102564104,0.18850000000000003,-0.40193805309734515,2.453153846153846,0.7915128205128206,-0.5061056910569106,80.58839743589745,8.322179487179486,41.799090909090914,5.83576923076923,-0.6416025641025641,4.654876033057851,3.0,0.0,0.0,0.0,0.0,0.0,331.4842767295597,1.375147435897436
KS,2019,60.0,-26.0,5.0,428.0,-59.0,-84.79245283018868,1.337,0.16100000000000003,-0.647,2.467,0.6069999999999998,-0.6070000000000002,70.53,9.759999999999991,65.74999999999999,4.2,-0.5000000000000004,4.7299999999999995,0.0,0.0,0.0,0.0,0.0,0.0,368.0,1.1300000000000001
KS,2020,58.0,-13.0,34.0,495.0,-37.0,-84.79245283018868,1.216,0.2450000000000001,-0.08699999999999997,2.632,1.044,0.30400000000000027,59.68,9.030000000000001,58.93,2.67,-0.06999999999999984,2.1399999999999997,-2.0,67.0,-0.121,0.16500000000000004,-10.850000000000001,-1.5300000000000002,437.0,1.4160000000000001
KS,2021,58.0,-8.0,-4.0,376.0,-59.0,-26.0,1.1420000000000001,0.12700000000000022,-0.13400000000000012,2.531,0.726,-0.09899999999999975,59.83,6.0,72.93,2.49,-0.19999999999999973,2.55,0.0,-119.0,-0.07399999999999984,-0.10099999999999998,0.14999999999999858,-0.17999999999999972,318.0,1.389
KS,2022,64.0,-5.0,-22.0,392.02515723270443,8.953333333333333,-84.79245283018868,1.0780064102564104,0.18850000000000003,-0.40193805309734515,2.453153846153846,0.7915128205128206,-0.5061056910569106,80.58839743589745,8.322179487179486,41.799090909090914,5.83576923076923,-0.6416025641025641,4.654876033057851,6.0,0.0,0.0,0.0,0.0,0.0,331.4842767295597,1.375147435897436
KY,2019,97.0,-14.0,-37.0,528.0,-21.0,-84.79245283018868,1.746,0.264,-0.71,3.93,1.27,-0.875,142.06,4.340000000000003,27.72999999999999,12.8,-2.5500000000000007,-0.13000000000000078,0.0,0.0,0.0,0.0,0.0,0.0,431.0,2.184
KY,2020,111.0,-30.0,-8.0,524.0,-25.0,-84.79245283018868,1.57,0.29800000000000026,-0.5699999999999998,4.044,1.141,-0.8769999999999998,122.01,3.1099999999999994,42.42999999999999,7.49,-2.040000000000001,2.5,14.0,-4.0,-0.17599999999999993,0.11399999999999944,-20.049999999999997,-5.3100000000000005,413.0,2.4739999999999993
KY,2021,101.0,-18.0,-33.0,419.0,-239.0,-84.79245283018868,1.6130000000000002,0.14700000000000024,-0.8130000000000002,4.406000000000001,1.069,-1.4140000000000006,128.14,3.0999999999999943,50.89,7.05,-1.6500000000000004,1.1500000000000004,-10.0,-105.0,0.04300000000000015,0.362000000000001,6.129999999999981,-0.4400000000000004,318.0,2.793
KY,2022,104.0,-22.0,-14.0,392.02515723270443,8.953333333333333,-84.79245283018868,1.0780064102564104,0.18850000000000003,-0.40193805309734515,2.453153846153846,0.7915128205128206,-0.5061056910569106,80.58839743589745,8.322179487179486,41.799090909090914,5.83576923076923,-0.6416025641025641,4.654876033057851,3.0,0.0,0.0,0.0,0.0,0.0,331.4842767295597,1.375147435897436
LA,2019,82.0,-16.0,-13.0,440.0,58.0,-186.0,1.076,0.22099999999999986,-0.384,2.174,0.7130000000000001,-0.3740000000000001,105.12,8.929999999999993,16.900000000000006,10.54,-1.4900000000000002,1.6600000000000001,0.0,0.0,0.0,0.0,0.0,0.0,358.0,1.0979999999999999
LA,2020,80.0,-15.0,-6.0,391.0,-45.0,-274.0,1.155,0.2230000000000001,-0.5579999999999999,2.589,0.7950000000000004,-0.673,93.63,9.480000000000004,26.11,6.71,-0.4299999999999997,2.3099999999999996,-2.0,-49.0,0.07899999999999996,0.41500000000000004,-11.490000000000009,-3.829999999999999,311.0,1.434
LA,2021,82.0,2.0,1.0,412.0,85.0,-81.0,1.0890000000000002,0.2190000000000002,-0.5340000000000001,2.504,0.9359999999999999,-0.6840000000000002,97.46,7.760000000000005,25.370000000000005,6.61,-0.20000000000000018,2.160000000000001,2.0,21.0,-0.06599999999999984,-0.08499999999999996,3.8299999999999983,-0.09999999999999964,330.0,1.4149999999999998
LA,2022,85.0,-31.0,1.0,392.02515723270443,8.953333333333333,-84.79245283018868,1.0780064102564104,0.18850000000000003,-0.40193805309734515,2.453153846153846,0.7915128205128206,-0.5061056910569106,80.58839743589745,8.322179487179486,41.799090909090914,5.83576923076923,-0.6416025641025641,4.654876033057851,3.0,0.0,0.0,0.0,0.0,0.0,331.4842767295597,1.375147435897436
MA,2019,44.0,-5.0,-0.3037037037037037,448.0,90.0,-84.79245283018868,0.855,0.07800000000000007,-0.5130000000000001,1.594,0.33399999999999963,-0.7739999999999999,89.18,10.350000000000009,-4.8700000000000045,10.34,-0.8599999999999994,0.620000000000001,0.0,0.0,0.0,0.0,0.0,0.0,404.0,0.7390000000000001
MA,2020,40.0,-13.0,3.0,341.0,34.0,-84.79245283018868,0.755,0.11599999999999999,-0.35800000000000004,1.709,0.5250000000000001,-0.6419999999999999,73.52,8.100000000000009,13.75,5.76,-0.34999999999999964,1.54,-4.0,-107.0,-0.09999999999999998,0.11499999999999999,-15.66000000000001,-4.58,301.0,0.9540000000000001
MA,2021,53.0,-13.0,-0.3037037037037037,397.0,-72.0,-84.79245283018868,0.7290000000000001,0.10100000000000009,-0.392,1.636,0.4530000000000003,-0.7849999999999998,75.31,7.170000000000002,11.780000000000001,5.79,-0.5800000000000001,1.67,13.0,56.0,-0.025999999999999912,-0.07300000000000018,1.7900000000000063,0.03000000000000025,344.0,0.9069999999999998
MA,2022,51.0,-20.0,0.0,392.02515723270443,8.953333333333333,-84.79245283018868,1.0780064102564104,0.18850000000000003,-0.40193805309734515,2.453153846153846,0.7915128205128206,-0.5061056910569106,80.58839743589745,8.322179487179486,41.799090909090914,5.83576923076923,-0.6416025641025641,4.654876033057851,-2.0,0.0,0.0,0.0,0.0,0.0,331.4842767295597,1.375147435897436
MD,2019,49.0,-11.0,-6.0,328.0,3.0,55.0,0.7959999999999999,0.10099999999999998,-0.42800000000000005,1.8490000000000002,0.4880000000000002,-0.788,59.03,5.18,3.3800000000000026,7.56,-0.5999999999999996,1.1799999999999997,0.0,0.0,0.0,0.0,0.0,0.0,279.0,1.0530000000000004
MD,2020,44.0,-7.0,-3.0,309.0,52.0,-116.0,0.751,0.10399999999999987,-0.402,2.1350000000000002,0.5229999999999997,-0.615,46.97,4.43,5.980000000000004,4.46,-0.20000000000000018,0.9799999999999995,-5.0,-19.0,-0.04499999999999993,0.28600000000000003,-12.060000000000002,-3.0999999999999996,265.0,1.3840000000000003
MD,2021,44.0,-18.0,-11.0,317.0,59.0,-55.0,0.6659999999999999,0.07500000000000007,-0.28400000000000003,2.039,0.4940000000000002,-0.6450000000000002,47.74,3.4499999999999957,7.550000000000004,4.06,-0.30000000000000027,0.8799999999999999,0.0,8.0,-0.08500000000000008,-0.09600000000000009,0.7700000000000031,-0.40000000000000036,273.0,1.3730000000000002
MD,2022,45.0,-16.0,-18.0,392.02515723270443,8.953333333333333,-84.79245283018868,1.0780064102564104,0.18850000000000003,-0.40193805309734515,2.453153846153846,0.7915128205128206,-0.5061056910569106,80.58839743589745,8.322179487179486,41.799090909090914,5.83576923076923,-0.6416025641025641,4.654876033057851,1.0,0.0,0.0,0.0,0.0,0.0,331.4842767295597,1.375147435897436
ME,2019,78.0,-9.0,-0.3037037037037037,566.0,75.0,-84.79245283018868,1.3330000000000002,0.43299999999999983,-0.40193805309734515,2.396,0.958,-0.5061056910569106,82.81,16.590000000000003,-11.989999999999995,5.56,-0.25,4.654876033057851,0.0,0.0,0.0,0.0,0.0,0.0,488.0,1.0629999999999997
ME,2020,69.0,-7.0,-0.3037037037037037,407.0,-19.0,-84.79245283018868,1.143,0.28,-0.40193805309734515,2.341,0.718,-0.5061056910569106,74.1,10.129999999999995,-16.68999999999999,3.73,0.13999999999999968,4.654876033057851,-9.0,-159.0,-0.19000000000000017,-0.054999999999999716,-8.710000000000008,-1.8299999999999996,338.0,1.1980000000000002
ME,2021,76.0,-15.0,-0.3037037037037037,495.0,-84.0,-84.79245283018868,1.179,0.27600000000000025,-0.40193805309734515,2.548,0.9239999999999999,-0.5061056910569106,72.71,9.25,-5.460000000000008,2.82,0.18999999999999995,4.654876033057851,7.0,88.0,0.03600000000000003,0.20699999999999985,-1.3900000000000006,-0.9100000000000001,419.0,1.369
ME,2022,74.0,-8.0,-0.3037037037037037,392.02515723270443,8.953333333333333,-84.79245283018868,1.0780064102564104,0.18850000000000003,-0.40193805309734515,2.453153846153846,0.7915128205128206,-0.5061056910569106,80.58839743589745,8.322179487179486,41.799090909090914,5.83576923076923,-0.6416025641025641,4.654876033057851,-2.0,0.0,0.0,0.0,0.0,0.0,331.4842767295597,1.375147435897436
MI,2019,73.0,-6.0,-1.0,488.0,101.0,296.0,1.21,0.18799999999999972,-0.45999999999999985,2.397,0.7030000000000003,-0.6980000000000004,146.13,20.920000000000016,104.23999999999998,12.33,-1.2300000000000004,11.52,0.0,0.0,0.0,0.0,0.0,0.0,415.0,1.1869999999999998
MI,2020,75.0,-21.0,-16.0,388.0,38.0,-84.79245283018868,1.1520000000000001,0.21300000000000008,-0.3920000000000001,2.6410000000000005,0.871,-0.2769999999999997,130.42,19.840000000000003,117.27000000000001,7.86,-0.6399999999999997,10.330000000000002,2.0,-100.0,-0.05799999999999983,0.24400000000000066,-15.710000000000008,-4.47,313.0,1.4890000000000003
MI,2021,70.0,-14.0,23.0,380.0,-37.0,-83.0,1.097,0.18700000000000006,-0.31700000000000006,2.662,0.815,-0.5409999999999999,137.04,19.430000000000007,128.03999999999996,7.73,-0.6199999999999992,10.920000000000002,-5.0,-8.0,-0.05500000000000016,0.020999999999999464,6.6200000000000045,-0.1299999999999999,310.0,1.565
MI,2022,80.0,-27.0,42.0,392.02515723270443,8.953333333333333,-84.79245283018868,1.0780064102564104,0.18850000000000003,-0.40193805309734515,2.453153846153846,0.7915128205128206,-0.5061056910569106,80.58839743589745,8.322179487179486,41.799090909090914,5.83576923076923,-0.6416025641025641,4.654876033057851,10.0,0.0,0.0,0.0,0.0,0.0,331.4842767295597,1.375147435897436
MN,2019,40.0,-3.0,22.0,428.0,23.0,-84.79245283018868,0.872,0.2559999999999999,-0.18799999999999994,2.205,0.8599999999999999,0.1639999999999997,90.43,12.0,80.28999999999999,6.77,-0.4399999999999995,6.609999999999999,0.0,0.0,0.0,0.0,0.0,0.0,388.0,1.3330000000000002
MN,2020,41.0,-8.0,18.0,400.0,-144.0,-84.79245283018868,0.826,0.18299999999999994,-0.21500000000000008,2.497,0.8450000000000006,-0.10499999999999998,79.41,10.710000000000008,73.02,4.28,-0.8300000000000001,8.370000000000001,1.0,-28.0,-0.04600000000000004,0.2919999999999998,-11.02000000000001,-2.4899999999999993,359.0,1.6709999999999998
MN,2021,42.0,8.0,12.0,373.0,30.0,-84.79245283018868,0.797,0.134,-0.25,2.439,0.819,-0.03600000000000003,82.97,11.129999999999995,86.74,4.16,-0.6700000000000004,9.13,1.0,-27.0,-0.028999999999999915,-0.05799999999999983,3.5600000000000023,-0.1200000000000001,331.0,1.642
MN,2022,47.0,-6.0,6.0,392.02515723270443,8.953333333333333,-84.79245283018868,1.0780064102564104,0.18850000000000003,-0.40193805309734515,2.453153846153846,0.7915128205128206,-0.5061056910569106,80.58839743589745,8.322179487179486,41.799090909090914,5.83576923076923,-0.6416025641025641,4.654876033057851,5.0,0.0,0.0,0.0,0.0,0.0,331.4842767295597,1.375147435897436
MO,2019,79.0,-14.0,-2.0,540.0,146.0,-97.0,1.2990000000000002,0.15900000000000003,-0.5750000000000001,2.375,0.5749999999999997,-0.8150000000000002,122.24,7.339999999999989,64.46,9.88,-1.8100000000000005,6.32,0.0,0.0,0.0,0.0,0.0,0.0,461.0,1.0759999999999998
MO,2020,75.0,-6.0,-1.0,458.0,-49.0,204.0,1.304,0.22599999999999998,-0.514,2.6010000000000004,0.7850000000000001,-0.7250000000000001,105.83,8.060000000000002,73.3,6.23,-1.0099999999999998,5.49,-4.0,-82.0,0.004999999999999893,0.22600000000000042,-16.409999999999997,-3.6500000000000004,383.0,1.2970000000000004
MO,2021,77.0,-31.0,4.0,399.0,-45.0,-120.0,1.25,0.2450000000000001,-0.569,2.647,0.7730000000000001,-0.8339999999999999,113.57,2.1799999999999926,85.32999999999998,6.2,-1.58,6.31,2.0,-59.0,-0.05400000000000005,0.045999999999999375,7.739999999999995,-0.03000000000000025,322.0,1.3969999999999998
MO,2022,77.0,-21.0,3.0,392.02515723270443,8.953333333333333,-84.79245283018868,1.0780064102564104,0.18850000000000003,-0.40193805309734515,2.453153846153846,0.7915128205128206,-0.5061056910569106,80.58839743589745,8.322179487179486,41.799090909090914,5.83576923076923,-0.6416025641025641,4.654876033057851,0.0,0.0,0.0,0.0,0.0,0.0,331.4842767295597,1.375147435897436
MS,2019,88.0,-18.0,-9.0,440.0,27.0,-271.0,1.571,0.375,-0.8370000000000002,3.127,1.2910000000000004,-1.347,90.68,15.810000000000002,-2.519999999999996,9.54,-0.08999999999999986,0.26000000000000156,0.0,0.0,0.0,0.0,0.0,0.0,352.0,1.5559999999999998
MS,2020,80.0,-26.0,-15.0,425.0,25.0,-208.0,1.627,0.3959999999999999,-1.012,3.4589999999999996,1.3940000000000006,-1.537,74.49,13.439999999999998,5.209999999999994,5.53,0.040000000000000036,1.04,-8.0,-15.0,0.05600000000000005,0.33199999999999985,-16.190000000000012,-4.009999999999999,345.0,1.8319999999999996
MS,2021,84.0,-24.0,-40.0,438.0,-127.0,60.0,1.639,0.29400000000000004,-0.9800000000000001,3.67,1.1800000000000006,-1.7320000000000002,75.33,11.290000000000006,10.810000000000002,5.01,-0.14999999999999947,1.5,4.0,13.0,0.01200000000000001,0.2110000000000003,0.8400000000000034,-0.5200000000000005,354.0,2.0309999999999997
MS,2022,98.0,-15.0,4.0,392.02515723270443,8.953333333333333,-84.79245283018868,1.0780064102564104,0.18850000000000003,-0.40193805309734515,2.453153846153846,0.7915128205128206,-0.5061056910569106,80.58839743589745,8.322179487179486,41.799090909090914,5.83576923076923,-0.6416025641025641,4.654876033057851,14.0,0.0,0.0,0.0,0.0,0.0,331.4842767295597,1.375147435897436
MT,2019,59.0,-18.0,-0.3037037037037037,491.0,-21.0,-84.79245283018868,1.43,0.11799999999999966,-0.40193805309734515,2.6069999999999998,0.734,-0.5061056910569106,53.2,4.93,42.059999999999995,4.22,-0.5999999999999996,4.654876033057851,0.0,0.0,0.0,0.0,0.0,0.0,432.0,1.1769999999999998
MT,2020,57.0,-10.0,-0.3037037037037037,444.0,194.0,-84.79245283018868,1.191,0.18100000000000005,-0.40193805309734515,2.794,0.6589999999999998,-0.5061056910569106,42.46,0.8200000000000003,31.150000000000006,2.49,-0.5999999999999996,4.654876033057851,-2.0,-47.0,-0.23899999999999988,0.18700000000000028,-10.740000000000002,-1.7299999999999995,387.0,1.603
MT,2021,50.0,-11.0,-0.3037037037037037,465.0,-114.0,-84.79245283018868,1.072,0.0129999999999999,-0.40193805309734515,2.847,0.7370000000000001,-0.5061056910569106,43.21,-3.3500000000000014,41.799090909090914,2.47,-0.7999999999999998,4.654876033057851,-7.0,21.0,-0.119,0.052999999999999936,0.75,-0.020000000000000018,415.0,1.775
MT,2022,57.0,-21.0,-0.3037037037037037,392.02515723270443,8.953333333333333,-84.79245283018868,1.0780064102564104,0.18850000000000003,-0.40193805309734515,2.453153846153846,0.7915128205128206,-0.5061056910569106,80.58839743589745,8.322179487179486,41.799090909090914,5.83576923076923,-0.6416025641025641,4.654876033057851,7.0,0.0,0.0,0.0,0.0,0.0,331.4842767295597,1.375147435897436
NC,2019,70.0,-13.0,-8.0,459.0,317.0,-171.0,1.156,0.15600000000000014,-0.5289999999999999,2.277,0.7080000000000002,-0.8250000000000002,103.32,9.909999999999997,24.42,10.32,-0.8900000000000006,3.469999999999999,0.0,0.0,0.0,0.0,0.0,0.0,389.0,1.1210000000000002
NC,2020,57.0,-7.0,-30.0,355.0,-58.0,93.0,1.062,0.20700000000000007,-0.42300000000000004,2.299,0.724,-0.6859999999999999,89.24,9.989999999999995,33.400000000000006,6.46,-0.09999999999999964,3.51,-13.0,-104.0,-0.09399999999999986,0.021999999999999797,-14.079999999999998,-3.8600000000000003,298.0,1.2369999999999999
NC,2021,68.0,-22.0,17.0,350.0,129.0,-95.0,1.01,0.18700000000000006,-0.48,2.406,0.7429999999999999,-0.9129999999999998,90.63,7.700000000000003,38.00999999999999,5.72,-1.1600000000000001,3.2700000000000005,11.0,-5.0,-0.052000000000000046,0.1070000000000002,1.3900000000000006,-0.7400000000000002,282.0,1.3960000000000001
NC,2022,67.0,-19.0,-21.0,392.02515723270443,8.953333333333333,-84.79245283018868,1.0780064102564104,0.18850000000000003,-0.40193805309734515,2.453153846153846,0.7915128205128206,-0.5061056910569106,80.58839743589745,8.322179487179486,41.799090909090914,5.83576923076923,-0.6416025641025641,4.654876033057851,-1.0,0.0,0.0,0.0,0.0,0.0,331.4842767295597,1.375147435897436
ND,2019,49.0,1.0,-0.3037037037037037,283.0,-66.0,-84.79245283018868,0.976,0.32299999999999995,-0.40193805309734515,2.16,0.9730000000000001,-0.5061056910569106,62.85,18.179999999999993,9.009999999999998,4.78,-0.6399999999999997,4.654876033057851,0.0,0.0,0.0,0.0,0.0,0.0,234.0,1.1840000000000002
ND,2020,54.0,-14.0,-0.3037037037037037,437.0,-11.0,-84.79245283018868,0.966,0.30900000000000016,-0.40193805309734515,2.544,1.3660000000000003,-0.5061056910569106,56.06,16.229999999999997,27.220000000000006,2.61,-0.45999999999999996,4.654876033057851,5.0,154.0,-0.010000000000000009,0.3839999999999999,-6.789999999999999,-2.1700000000000004,383.0,1.578
ND,2021,46.0,-6.0,-0.3037037037037037,412.0,89.0,-84.79245283018868,0.924,0.16399999999999992,-0.40193805309734515,2.4080000000000004,0.9159999999999995,-0.5061056910569106,56.93,11.57,0.8900000000000006,3.11,-0.06000000000000005,4.654876033057851,-8.0,-25.0,-0.041999999999999926,-0.13599999999999968,0.8699999999999974,0.5,366.0,1.4840000000000004
ND,2022,53.0,-2.0,-52.0,392.02515723270443,8.953333333333333,-84.79245283018868,1.0780064102564104,0.18850000000000003,-0.40193805309734515,2.453153846153846,0.7915128205128206,-0.5061056910569106,80.58839743589745,8.322179487179486,41.799090909090914,5.83576923076923,-0.6416025641025641,4.654876033057851,7.0,0.0,0.0,0.0,0.0,0.0,331.4842767295597,1.375147435897436
NE,2019,52.0,-17.0,52.0,331.0,1.0,-84.79245283018868,1.268,0.34799999999999986,-0.374,2.765,1.0829999999999997,0.052000000000000046,63.97,15.829999999999998,76.05000000000001,4.9,0.3100000000000005,5.540000000000001,0.0,0.0,0.0,0.0,0.0,0.0,279.0,1.497
NE,2020,47.0,-8.0,24.0,380.0,58.0,-84.79245283018868,1.199,0.367,0.28500000000000014,3.0,1.245,0.8069999999999995,52.83,13.82,74.21,2.65,0.06999999999999984,8.09,-5.0,49.0,-0.06899999999999995,0.23499999999999988,-11.14,-2.2500000000000004,333.0,1.801
NE,2021,51.0,-7.0,-0.3037037037037037,434.0,-34.0,-84.79245283018868,1.108,0.277,0.06600000000000006,2.9989999999999997,1.2360000000000002,0.5900000000000003,52.92,11.64,78.30000000000001,2.32,-0.1499999999999999,8.78,4.0,54.0,-0.09099999999999997,-0.001000000000000334,0.09000000000000341,-0.33000000000000007,383.0,1.8909999999999996
NE,2022,50.0,-4.0,-0.3037037037037037,392.02515723270443,8.953333333333333,-84.79245283018868,1.0780064102564104,0.18850000000000003,-0.40193805309734515,2.453153846153846,0.7915128205128206,-0.5061056910569106,80.58839743589745,8.322179487179486,41.799090909090914,5.83576923076923,-0.6416025641025641,4.654876033057851,-1.0,0.0,0.0,0.0,0.0,0.0,331.4842767295597,1.375147435897436
NH,2019,54.0,-8.0,-0.3037037037037037,422.0,-86.0,-84.79245283018868,1.1,0.09800000000000009,-0.40193805309734515,2.22,0.5910000000000004,-0.5061056910569106,63.0,4.8700000000000045,23.720000000000006,5.2,-0.6600000000000001,4.654876033057851,0.0,0.0,0.0,0.0,0.0,0.0,368.0,1.12
NH,2020,57.0,-3.0,-0.3037037037037037,515.0,166.0,-84.79245283018868,0.927,0.008999999999999897,-0.40193805309734515,2.146,0.6820000000000002,-0.5061056910569106,52.09,4.719999999999999,3.6700000000000017,3.62,-0.52,4.654876033057851,3.0,93.0,-0.17300000000000004,-0.07400000000000029,-10.909999999999997,-1.58,458.0,1.2189999999999999
NH,2021,63.0,-19.0,-0.3037037037037037,390.0,8.953333333333333,-84.79245283018868,0.9870000000000001,0.14900000000000002,-0.40193805309734515,2.3930000000000002,0.5889999999999995,-0.5061056910569106,51.77,1.9499999999999957,25.39,2.83,-0.6100000000000003,4.654876033057851,6.0,-125.0,0.06000000000000005,0.24700000000000033,-0.3200000000000003,-0.79,327.0,1.4060000000000001
NH,2022,56.0,-16.0,-0.3037037037037037,392.02515723270443,8.953333333333333,-84.79245283018868,1.0780064102564104,0.18850000000000003,-0.40193805309734515,2.453153846153846,0.7915128205128206,-0.5061056910569106,80.58839743589745,8.322179487179486,41.799090909090914,5.83576923076923,-0.6416025641025641,4.654876033057851,-7.0,0.0,0.0,0.0,0.0,0.0,331.4842767295597,1.375147435897436
NJ,2019,60.967289719626166,-10.94811320754717,-0.3037037037037037,392.02515723270443,8.953333333333333,-84.79245283018868,0.711,0.06000000000000005,-0.10799999999999998,1.449,0.375,-0.09899999999999998,82.57,12.810000000000002,50.7,8.87,-0.9599999999999991,9.24,0.0,0.0,0.0,0.0,0.0,0.0,331.4842767295597,0.7380000000000001
NJ,2020,44.0,-15.0,2.0,335.0,189.0,-64.0,0.674,0.050000000000000044,-0.11199999999999988,1.5390000000000001,0.39800000000000013,0.026000000000000023,68.24,12.190000000000005,47.09,5.2,0.040000000000000036,5.459999999999999,0.0,0.0,-0.03699999999999992,0.09000000000000008,-14.329999999999998,-3.669999999999999,291.0,0.8650000000000001
NJ,2021,48.0,-11.0,3.0,302.0,-128.0,-153.0,0.559,0.07099999999999995,-0.2260000000000001,1.326,0.39300000000000024,-0.30600000000000005,73.23,12.08999999999999,50.43000000000001,5.68,-0.5999999999999996,6.35,4.0,-33.0,-0.11499999999999999,-0.21300000000000008,4.990000000000009,0.47999999999999954,254.0,0.767
NJ,2022,49.0,-5.0,2.0,392.02515723270443,8.953333333333333,-84.79245283018868,1.0780064102564104,0.18850000000000003,-0.40193805309734515,2.453153846153846,0.7915128205128206,-0.5061056910569106,80.58839743589745,8.322179487179486,41.799090909090914,5.83576923076923,-0.6416025641025641,4.654876033057851,1.0,0.0,0.0,0.0,0.0,0.0,331.4842767295597,1.375147435897436
NM,2019,50.0,3.0,-0.3037037037037037,345.0,80.0,-84.79245283018868,1.113,0.23099999999999987,-0.40193805309734515,2.1550000000000002,0.7770000000000001,-0.10000000000000009,67.55,7.310000000000002,2.489999999999995,5.87,-0.2699999999999996,1.1799999999999997,0.0,0.0,0.0,0.0,0.0,0.0,295.0,1.0420000000000003
NM,2020,43.0,-6.0,-0.3037037037037037,324.0,52.0,-84.79245283018868,1.131,0.3250000000000002,0.029000000000000137,2.463,0.9889999999999999,0.23899999999999988,55.44,6.030000000000001,10.509999999999998,3.43,-0.03000000000000025,4.654876033057851,-7.0,-21.0,0.018000000000000016,0.30799999999999983,-12.11,-2.44,281.0,1.332
NM,2021,48.0,-16.0,-0.3037037037037037,473.0,-142.0,-84.79245283018868,1.0190000000000001,0.2330000000000001,-0.40193805309734515,2.3000000000000003,0.8999999999999999,-0.37900000000000045,56.71,7.230000000000004,12.559999999999995,3.29,0.25,4.654876033057851,5.0,149.0,-0.11199999999999988,-0.1629999999999998,1.2700000000000031,-0.14000000000000012,425.0,1.2810000000000001
NM,2022,48.0,-11.0,-0.3037037037037037,392.02515723270443,8.953333333333333,-84.79245283018868,1.0780064102564104,0.18850000000000003,-0.40193805309734515,2.453153846153846,0.7915128205128206,-0.5061056910569106,80.58839743589745,8.322179487179486,41.799090909090914,5.83576923076923,-0.6416025641025641,4.654876033057851,0.0,0.0,0.0,0.0,0.0,0.0,331.4842767295597,1.375147435897436
NV,2019,73.0,-9.0,28.0,404.0,94.0,-84.79245283018868,1.328,0.08100000000000018,-0.88,2.361,0.49100000000000055,-1.0910000000000002,99.43,-12.370000000000005,61.17,7.39,-3.25,6.699999999999999,0.0,0.0,0.0,0.0,0.0,0.0,331.0,1.0330000000000001
NV,2020,65.0,7.0,-0.3037037037037037,282.0,-33.0,-84.79245283018868,1.237,0.07099999999999995,-0.5329999999999999,2.466,0.47699999999999987,-0.875,85.34,-10.289999999999992,59.61,4.61,-1.7599999999999998,4.199999999999999,-8.0,-122.0,-0.09099999999999997,0.10499999999999998,-14.090000000000003,-2.7799999999999994,217.0,1.229
NV,2021,61.0,-19.0,-0.3037037037037037,370.0,95.0,-84.79245283018868,1.1159999999999999,-0.07299999999999995,-0.45600000000000007,2.613,0.41800000000000015,-0.685,87.8,-9.239999999999995,70.80999999999999,3.92,-0.94,5.01,-4.0,88.0,-0.12100000000000022,0.1469999999999998,2.4599999999999937,-0.6900000000000004,309.0,1.497
NV,2022,65.0,-10.0,5.0,392.02515723270443,8.953333333333333,-84.79245283018868,1.0780064102564104,0.18850000000000003,-0.40193805309734515,2.453153846153846,0.7915128205128206,-0.5061056910569106,80.58839743589745,8.322179487179486,41.799090909090914,5.83576923076923,-0.6416025641025641,4.654876033057851,4.0,0.0,0.0,0.0,0.0,0.0,331.4842767295597,1.375147435897436
NY,2019,52.0,-21.0,0.0,371.0,49.0,-194.0,0.7440000000000001,0.14300000000000013,-0.383,1.462,0.43899999999999983,-0.5820000000000003,104.32,12.5,37.120000000000005,11.21,-0.5300000000000011,7.48,0.0,0.0,0.0,0.0,0.0,0.0,319.0,0.7179999999999999
NY,2020,44.0,-5.0,-3.0,307.0,-82.0,-89.0,0.6779999999999999,0.13700000000000012,-0.2919999999999999,1.631,0.554,-0.44799999999999995,85.11,12.689999999999998,34.760000000000005,6.14,-0.29000000000000004,5.0600000000000005,-8.0,-64.0,-0.06600000000000017,0.16900000000000004,-19.209999999999994,-5.070000000000001,263.0,0.9530000000000001
NY,2021,49.0,-4.0,-16.0,330.0,53.0,-176.0,0.609,0.09799999999999998,-0.344,1.473,0.43599999999999994,-0.6019999999999999,90.15,9.629999999999995,39.61,6.31,-0.5199999999999996,6.539999999999999,5.0,23.0,-0.06899999999999995,-0.15799999999999992,5.040000000000006,0.16999999999999993,281.0,0.8640000000000001
NY,2022,46.0,0.0,-20.0,392.02515723270443,8.953333333333333,-84.79245283018868,1.0780064102564104,0.18850000000000003,-0.40193805309734515,2.453153846153846,0.7915128205128206,-0.5061056910569106,80.58839743589745,8.322179487179486,41.799090909090914,5.83576923076923,-0.6416025641025641,4.654876033057851,-3.0,0.0,0.0,0.0,0.0,0.0,331.4842767295597,1.375147435897436
OH,2019,81.0,-20.0,-16.0,473.0,20.0,-284.0,1.274,0.18900000000000006,-0.42300000000000004,2.602,0.7889999999999997,-0.6179999999999999,138.29,15.550000000000011,71.08999999999997,12.59,-1.1799999999999997,9.91,0.0,0.0,0.0,0.0,0.0,0.0,392.0,1.3279999999999998
OH,2020,71.0,-12.0,-14.0,501.0,-39.0,-249.0,1.234,0.2470000000000001,-0.32599999999999996,2.8369999999999997,0.9769999999999999,-0.34399999999999986,122.73,17.179999999999993,80.75999999999999,7.92,-0.16999999999999904,8.07,-10.0,28.0,-0.040000000000000036,0.23499999999999988,-15.559999999999988,-4.67,430.0,1.6029999999999998
OH,2021,78.0,-16.0,-9.0,462.0,1.0,-225.0,1.155,0.19700000000000006,-0.2959999999999998,2.7860000000000005,0.9289999999999998,-0.39400000000000013,128.86,12.810000000000016,100.47999999999999,7.7,-1.21,11.61,7.0,-39.0,-0.07899999999999996,-0.05099999999999927,6.13000000000001,-0.21999999999999975,384.0,1.6310000000000004
OH,2022,85.0,-14.0,29.0,392.02515723270443,8.953333333333333,-84.79245283018868,1.0780064102564104,0.18850000000000003,-0.40193805309734515,2.453153846153846,0.7915128205128206,-0.5061056910569106,80.58839743589745,8.322179487179486,41.799090909090914,5.83576923076923,-0.6416025641025641,4.654876033057851,7.0,0.0,0.0,0.0,0.0,0.0,331.4842767295597,1.375147435897436
OK,2019,81.0,-5.0,-14.0,427.0,-86.0,-84.79245283018868,1.742,0.29699999999999993,-0.8930000000000002,4.158,1.2880000000000007,-1.4359999999999995,104.76,6.599999999999994,19.570000000000007,8.72,-1.0,1.3600000000000012,0.0,0.0,0.0,0.0,0.0,0.0,346.0,2.4160000000000004
OK,2020,79.0,-19.0,-20.0,411.0,-61.0,-84.79245283018868,1.6640000000000001,0.2330000000000001,-0.46599999999999997,4.55,1.3860000000000001,-0.6989999999999998,88.94,3.4299999999999926,31.64,5.29,-0.7199999999999998,2.76,-2.0,-16.0,-0.07799999999999985,0.39199999999999946,-15.820000000000007,-3.4300000000000006,332.0,2.8859999999999997
OK,2021,73.0,-17.0,-28.0,404.0,-78.0,-84.79245283018868,1.685,0.20200000000000018,-0.649,4.958,1.2080000000000002,-1.237,91.33,-0.6099999999999994,37.36,4.53,-0.71,2.8499999999999996,-6.0,-7.0,0.020999999999999908,0.40800000000000036,2.3900000000000006,-0.7599999999999998,331.0,3.273
OK,2022,75.0,-13.0,13.0,392.02515723270443,8.953333333333333,-84.79245283018868,1.0780064102564104,0.18850000000000003,-0.40193805309734515,2.453153846153846,0.7915128205128206,-0.5061056910569106,80.58839743589745,8.322179487179486,41.799090909090914,5.83576923076923,-0.6416025641025641,4.654876033057851,2.0,0.0,0.0,0.0,0.0,0.0,331.4842767295597,1.375147435897436
OR,2019,55.0,-19.0,-0.3037037037037037,396.0,-12.0,-84.79245283018868,1.055,0.17099999999999993,-0.40193805309734515,2.478,0.7320000000000002,-0.6080000000000001,80.58,2.739999999999995,40.38000000000001,5.12,-1.5099999999999998,7.890000000000001,0.0,0.0,0.0,0.0,0.0,0.0,341.0,1.4230000000000003
OR,2020,51.0,-3.0,-0.3037037037037037,378.0,-142.0,-84.79245283018868,0.946,0.16900000000000004,-0.40193805309734515,2.472,0.8360000000000003,-0.8219999999999998,66.46,0.20000000000000284,35.980000000000004,3.08,-0.6499999999999999,3.8,-4.0,-18.0,-0.10899999999999999,-0.006000000000000227,-14.120000000000005,-2.04,327.0,1.526
OR,2021,53.0,-15.0,-0.3037037037037037,313.0,14.0,-84.79245283018868,0.937,0.262,-0.40193805309734515,2.7510000000000003,1.0379999999999998,-0.4129999999999998,65.21,0.269999999999996,59.760000000000005,2.53,-0.5699999999999998,7.659999999999999,2.0,-65.0,-0.008999999999999897,0.27900000000000036,-1.25,-0.5500000000000003,260.0,1.8140000000000003
OR,2022,58.0,-5.0,-0.3037037037037037,392.02515723270443,8.953333333333333,-84.79245283018868,1.0780064102564104,0.18850000000000003,-0.40193805309734515,2.453153846153846,0.7915128205128206,-0.5061056910569106,80.58839743589745,8.322179487179486,41.799090909090914,5.83576923076923,-0.6416025641025641,4.654876033057851,5.0,0.0,0.0,0.0,0.0,0.0,331.4842767295597,1.375147435897436
PA,2019,63.0,-12.0,14.0,408.0,43.0,203.0,0.9470000000000001,0.20500000000000007,-0.15400000000000014,1.8980000000000001,0.617,-0.2719999999999998,119.72,19.890000000000015,83.37,11.3,-0.6999999999999993,11.010000000000002,0.0,0.0,0.0,0.0,0.0,0.0,345.0,0.9510000000000001
PA,2020,64.0,-18.0,-10.0,455.0,57.0,-84.79245283018868,0.899,0.20000000000000007,-0.08400000000000007,2.116,0.7369999999999999,0.007999999999999563,103.37,18.75,87.62,6.98,-0.28000000000000025,9.39,1.0,47.0,-0.04800000000000004,0.21799999999999997,-16.349999999999994,-4.32,391.0,1.217
PA,2021,60.0,0.0,-11.0,366.0,143.0,-84.79245283018868,0.833,0.16699999999999982,-0.08299999999999996,2.0300000000000002,0.718,-0.32999999999999985,108.66,17.42,94.85000000000001,6.72,-0.5199999999999996,10.29,-4.0,-89.0,-0.06600000000000006,-0.08599999999999985,5.289999999999992,-0.2600000000000007,306.0,1.1970000000000003
PA,2022,66.0,-19.0,41.0,392.02515723270443,8.953333333333333,-84.79245283018868,1.0780064102564104,0.18850000000000003,-0.40193805309734515,2.453153846153846,0.7915128205128206,-0.5061056910569106,80.58839743589745,8.322179487179486,41.799090909090914,5.83576923076923,-0.6416025641025641,4.654876033057851,6.0,0.0,0.0,0.0,0.0,0.0,331.4842767295597,1.375147435897436
PR,2019,45.0,-8.0,-0.3037037037037037,140.0,140.0,-84.79245283018868,1.0780064102564104,0.18850000000000003,-0.40193805309734515,2.453153846153846,0.7915128205128206,-0.5061056910569106,80.58839743589745,8.322179487179486,41.799090909090914,5.83576923076923,-0.6416025641025641,4.654876033057851,0.0,0.0,0.0,0.0,0.0,0.0,95.0,1.375147435897436
PR,2020,51.0,-9.0,-0.3037037037037037,145.0,8.953333333333333,-84.79245283018868,1.0780064102564104,0.18850000000000003,-0.40193805309734515,2.453153846153846,0.7915128205128206,-0.5061056910569106,80.58839743589745,8.322179487179486,41.799090909090914,5.83576923076923,-0.6416025641025641,4.654876033057851,6.0,5.0,0.0,0.0,0.0,0.0,94.0,1.375147435897436
PR,2021,47.0,-14.0,-0.3037037037037037,132.0,8.953333333333333,-84.79245283018868,1.0780064102564104,0.18850000000000003,-0.40193805309734515,2.453153846153846,0.7915128205128206,-0.5061056910569106,80.58839743589745,8.322179487179486,41.799090909090914,5.83576923076923,-0.6416025641025641,4.654876033057851,-4.0,-13.0,0.0,0.0,0.0,0.0,85.0,1.375147435897436
PR,2022,48.0,-3.0,-0.3037037037037037,392.02515723270443,8.953333333333333,-84.79245283018868,1.0780064102564104,0.18850000000000003,-0.40193805309734515,2.453153846153846,0.7915128205128206,-0.5061056910569106,80.58839743589745,8.322179487179486,41.799090909090914,5.83576923076923,-0.6416025641025641,4.654876033057851,1.0,0.0,0.0,0.0,0.0,0.0,331.4842767295597,1.375147435897436
RI,2019,62.0,-3.0,-15.0,298.0,-126.0,-84.79245283018868,0.9400000000000001,0.061000000000000165,-0.40193805309734515,2.313,0.5780000000000003,-1.3150000000000002,124.09,8.829999999999984,19.49000000000001,15.67,-2.960000000000001,7.599999999999998,0.0,0.0,0.0,0.0,0.0,0.0,236.0,1.3730000000000002
RI,2020,62.0,-9.0,-0.3037037037037037,569.0,71.0,-84.79245283018868,0.8190000000000001,0.13,-0.40193805309734515,2.436,0.9929999999999999,-1.6150000000000002,101.68,8.759999999999991,26.359999999999985,8.77,-0.6400000000000006,1.3399999999999999,0.0,271.0,-0.121,0.12299999999999978,-22.409999999999997,-6.9,507.0,1.617
RI,2021,52.0,1.0,-0.3037037037037037,393.0,133.0,-84.79245283018868,0.736,0.03200000000000003,-0.40193805309734515,2.2630000000000003,0.6439999999999999,-1.29,107.11,7.469999999999999,10.650000000000006,8.93,-2.2700000000000005,0.3999999999999986,-10.0,-176.0,-0.08300000000000007,-0.1729999999999996,5.429999999999993,0.16000000000000014,341.0,1.5270000000000004
RI,2022,61.0,-4.0,-0.3037037037037037,392.02515723270443,8.953333333333333,-84.79245283018868,1.0780064102564104,0.18850000000000003,-0.40193805309734515,2.453153846153846,0.7915128205128206,-0.5061056910569106,80.58839743589745,8.322179487179486,41.799090909090914,5.83576923076923,-0.6416025641025641,4.654876033057851,9.0,0.0,0.0,0.0,0.0,0.0,331.4842767295597,1.375147435897436
SC,2019,74.0,-16.0,-19.0,465.0,3.0,-165.0,1.195,0.18099999999999983,-0.7330000000000001,2.432,0.7220000000000004,-1.065,85.26,10.210000000000008,22.560000000000002,8.36,-0.9900000000000011,3.030000000000001,0.0,0.0,0.0,0.0,0.0,0.0,391.0,1.2369999999999999
SC,2020,72.0,-7.0,-17.0,395.0,-88.0,-185.0,1.191,0.31600000000000006,-0.5149999999999999,2.707,0.9590000000000005,-0.8399999999999999,74.84,11.019999999999996,30.849999999999994,5.01,-0.02999999999999936,2.87,-2.0,-70.0,-0.0040000000000000036,0.2749999999999999,-10.420000000000002,-3.3499999999999996,323.0,1.5159999999999998
SC,2021,68.0,-11.0,-10.0,310.0,-5.0,-121.0,1.168,0.26,-0.487,2.757,0.8780000000000001,-0.9250000000000003,76.8,7.209999999999994,35.379999999999995,4.4,-0.5199999999999996,2.6899999999999995,-4.0,-85.0,-0.02300000000000013,0.050000000000000266,1.9599999999999937,-0.6099999999999994,242.0,1.5890000000000002
SC,2022,68.0,-11.0,-4.0,392.02515723270443,8.953333333333333,-84.79245283018868,1.0780064102564104,0.18850000000000003,-0.40193805309734515,2.453153846153846,0.7915128205128206,-0.5061056910569106,80.58839743589745,8.322179487179486,41.799090909090914,5.83576923076923,-0.6416025641025641,4.654876033057851,0.0,0.0,0.0,0.0,0.0,0.0,331.4842767295597,1.375147435897436
SD,2019,52.0,-9.0,-0.3037037037037037,501.0,16.0,-84.79245283018868,1.2650000000000001,0.5369999999999999,-0.40193805309734515,2.742,1.3409999999999997,-0.5061056910569106,69.36,15.389999999999993,9.180000000000007,5.41,0.8099999999999996,4.654876033057851,0.0,0.0,0.0,0.0,0.0,0.0,449.0,1.4769999999999999
SD,2020,57.0,9.0,-0.3037037037037037,564.0,207.0,-84.79245283018868,1.0170000000000001,0.395,-0.40193805309734515,3.1430000000000002,1.6709999999999998,-0.5061056910569106,58.07,10.100000000000001,1.3700000000000045,3.17,-0.31000000000000005,4.654876033057851,5.0,63.0,-0.248,0.40100000000000025,-11.29,-2.24,507.0,2.1260000000000003
SD,2021,54.0,-9.0,-0.3037037037037037,463.0,-86.0,-84.79245283018868,1.157,0.23199999999999998,-0.40193805309734515,2.957,1.452,-0.5061056910569106,59.14,7.009999999999998,23.369999999999997,3.01,-0.3999999999999999,4.654876033057851,-3.0,-101.0,0.1399999999999999,-0.1860000000000004,1.0700000000000003,-0.16000000000000014,409.0,1.7999999999999998
SD,2022,63.0,-21.0,-0.3037037037037037,392.02515723270443,8.953333333333333,-84.79245283018868,1.0780064102564104,0.18850000000000003,-0.40193805309734515,2.453153846153846,0.7915128205128206,-0.5061056910569106,80.58839743589745,8.322179487179486,41.799090909090914,5.83576923076923,-0.6416025641025641,4.654876033057851,9.0,0.0,0.0,0.0,0.0,0.0,331.4842767295597,1.375147435897436
TN,2019,89.0,-19.0,-7.0,515.0,8.0,-61.0,1.479,0.18900000000000028,-0.859,3.1239999999999997,0.9680000000000004,-1.4660000000000002,118.2,10.430000000000007,12.850000000000009,11.63,-1.120000000000001,1.299999999999999,0.0,0.0,0.0,0.0,0.0,0.0,426.0,1.6449999999999996
TN,2020,86.0,-22.0,-16.0,439.0,-129.0,-84.79245283018868,1.42,0.22299999999999986,-0.639,3.233,0.9820000000000002,-1.1759999999999997,101.93,10.239999999999995,17.960000000000008,6.72,-0.5800000000000001,0.29000000000000004,-3.0,-76.0,-0.05900000000000016,0.10900000000000043,-16.269999999999996,-4.910000000000001,353.0,1.8130000000000002
TN,2021,93.0,-8.0,10.0,373.0,-73.0,-84.79245283018868,1.4269999999999998,0.11599999999999988,-0.7770000000000002,3.3910000000000005,0.9360000000000004,-1.4379999999999997,102.82,7.38000000000001,22.22,5.87,-0.8699999999999992,0.5599999999999996,7.0,-66.0,0.006999999999999895,0.15800000000000036,0.8899999999999864,-0.8499999999999996,280.0,1.9640000000000006
TN,2022,106.0,-27.0,-9.0,392.02515723270443,8.953333333333333,-84.79245283018868,1.0780064102564104,0.18850000000000003,-0.40193805309734515,2.453153846153846,0.7915128205128206,-0.5061056910569106,80.58839743589745,8.322179487179486,41.799090909090914,5.83576923076923,-0.6416025641025641,4.654876033057851,13.0,0.0,0.0,0.0,0.0,0.0,331.4842767295597,1.375147435897436
TX,2019,51.0,-11.0,-1.0,329.0,47.0,-147.0,1.08,0.20200000000000007,-0.5619999999999999,2.2430000000000003,0.7190000000000003,-0.7989999999999999,97.44,6.469999999999999,59.28999999999999,8.7,-1.1100000000000012,6.76,0.0,0.0,0.0,0.0,0.0,0.0,278.0,1.1630000000000003
TX,2020,49.0,-10.0,-30.0,327.0,47.0,-84.79245283018868,1.0050000000000001,0.2489999999999999,-0.4890000000000001,2.427,0.831,-0.6030000000000002,82.9,6.289999999999992,61.469999999999985,4.99,-0.5599999999999996,4.94,-2.0,-2.0,-0.07499999999999996,0.18399999999999972,-14.539999999999992,-3.709999999999999,278.0,1.422
TX,2021,58.0,-12.0,-34.0,375.0,59.0,-14.0,0.9920000000000001,0.08899999999999997,-0.4900000000000001,2.4290000000000003,0.673,-0.7439999999999998,86.44,3.539999999999992,69.42000000000002,4.74,-0.75,5.7700000000000005,9.0,48.0,-0.013000000000000012,0.002000000000000224,3.539999999999992,-0.25,317.0,1.4370000000000003
TX,2022,56.0,-11.0,-19.0,392.02515723270443,8.953333333333333,-84.79245283018868,1.0780064102564104,0.18850000000000003,-0.40193805309734515,2.453153846153846,0.7915128205128206,-0.5061056910569106,80.58839743589745,8.322179487179486,41.799090909090914,5.83576923076923,-0.6416025641025641,4.654876033057851,-2.0,0.0,0.0,0.0,0.0,0.0,331.4842767295597,1.375147435897436
US,2019,60.0,-12.0,-4.0,403.0,43.0,-93.0,1.056,0.18200000000000016,-0.4590000000000001,2.132,0.665,-0.7279999999999998,97.44,10.009999999999991,39.890000000000015,9.05,-1.0299999999999994,5.729999999999999,0.0,0.0,0.0,0.0,0.0,0.0,343.0,1.076
US,2020,58.0,-10.0,-10.0,382.0,5.0,-110.0,1.0,0.19999999999999996,-0.3690000000000002,2.315,0.768,-0.5369999999999999,82.92,9.86,43.53999999999999,5.44,-0.3899999999999997,4.53,-2.0,-21.0,-0.05600000000000005,0.18299999999999983,-14.519999999999996,-3.6100000000000003,324.0,1.315
US,2021,59.0,-9.0,-3.0,357.0,-1.0,-73.0,0.9570000000000001,0.15600000000000003,-0.3890000000000001,2.306,0.7190000000000001,-0.7049999999999996,85.44,7.609999999999999,49.47,5.11,-0.6899999999999995,4.909999999999999,1.0,-25.0,-0.04299999999999993,-0.008999999999999897,2.519999999999996,-0.33000000000000007,298.0,1.349
US,2022,61.0,-12.0,2.0,392.02515723270443,8.953333333333333,-84.79245283018868,1.0780064102564104,0.18850000000000003,-0.40193805309734515,2.453153846153846,0.7915128205128206,-0.5061056910569106,80.58839743589745,8.322179487179486,41.799090909090914,5.83576923076923,-0.6416025641025641,4.654876033057851,2.0,0.0,0.0,0.0,0.0,0.0,331.4842767295597,1.375147435897436
UT,2019,43.0,-1.0,-0.3037037037037037,227.0,66.0,-84.79245283018868,0.86,0.18199999999999994,-0.40193805309734515,1.568,0.5299999999999998,-0.5061056910569106,38.82,6.350000000000001,39.11,2.6,0.16999999999999993,4.654876033057851,0.0,0.0,0.0,0.0,0.0,0.0,184.0,0.7080000000000001
UT,2020,43.0,-7.0,-0.3037037037037037,214.0,37.0,-84.79245283018868,0.9059999999999999,0.44899999999999995,-0.40193805309734515,1.6869999999999998,0.7909999999999997,-0.5061056910569106,34.05,7.659999999999997,38.17999999999999,1.87,-0.07999999999999985,4.654876033057851,0.0,-13.0,0.04599999999999993,0.11899999999999977,-4.770000000000003,-0.73,171.0,0.7809999999999999
UT,2021,44.0,-7.0,-0.3037037037037037,236.0,-12.0,-84.79245283018868,0.835,0.2859999999999999,-0.40193805309734515,1.661,0.7170000000000001,-0.5061056910569106,36.45,6.299999999999997,46.37,1.92,0.040000000000000036,4.654876033057851,1.0,22.0,-0.07099999999999995,-0.0259999999999998,2.4000000000000057,0.04999999999999982,192.0,0.8260000000000001
UT,2022,44.0,-7.0,-0.3037037037037037,392.02515723270443,8.953333333333333,-84.79245283018868,1.0780064102564104,0.18850000000000003,-0.40193805309734515,2.453153846153846,0.7915128205128206,-0.5061056910569106,80.58839743589745,8.322179487179486,41.799090909090914,5.83576923076923,-0.6416025641025641,4.654876033057851,0.0,0.0,0.0,0.0,0.0,0.0,331.4842767295597,1.375147435897436
VA,2019,61.0,-17.0,6.0,356.0,-59.0,-8.0,0.99,0.1110000000000001,-0.39700000000000013,1.808,0.4489999999999996,-0.583,76.88,8.58999999999999,18.33999999999999,7.02,-0.7199999999999998,1.6399999999999997,0.0,0.0,0.0,0.0,0.0,0.0,295.0,0.8180000000000001
VA,2020,53.0,-12.0,-6.0,396.0,68.0,-189.0,0.892,0.1060000000000001,-0.31700000000000006,1.902,0.4880000000000002,-0.5389999999999999,63.06,8.379999999999995,24.229999999999997,4.51,-0.3799999999999999,1.9400000000000004,-8.0,40.0,-0.09799999999999998,0.09399999999999986,-13.819999999999993,-2.51,343.0,1.0099999999999998
VA,2021,60.0,-15.0,-11.0,330.0,77.0,-60.0,0.853,0.10199999999999998,-0.37,2.05,0.562,-0.7300000000000002,64.83,7.740000000000002,29.74000000000001,3.88,-0.7499999999999996,2.3700000000000006,7.0,-66.0,-0.039000000000000035,0.1479999999999999,1.769999999999996,-0.6299999999999999,270.0,1.1969999999999998
VA,2022,65.0,-16.0,1.0,392.02515723270443,8.953333333333333,-84.79245283018868,1.0780064102564104,0.18850000000000003,-0.40193805309734515,2.453153846153846,0.7915128205128206,-0.5061056910569106,80.58839743589745,8.322179487179486,41.799090909090914,5.83576923076923,-0.6416025641025641,4.654876033057851,5.0,0.0,0.0,0.0,0.0,0.0,331.4842767295597,1.375147435897436
VI,2019,60.967289719626166,-10.94811320754717,-0.3037037037037037,392.02515723270443,8.953333333333333,-84.79245283018868,1.0780064102564104,0.18850000000000003,-0.40193805309734515,2.453153846153846,0.7915128205128206,-0.5061056910569106,80.58839743589745,8.322179487179486,41.799090909090914,5.83576923076923,-0.6416025641025641,4.654876033057851,0.0,0.0,0.0,0.0,0.0,0.0,331.4842767295597,1.375147435897436
VI,2020,60.967289719626166,-10.94811320754717,-0.3037037037037037,392.02515723270443,8.953333333333333,-84.79245283018868,1.0780064102564104,0.18850000000000003,-0.40193805309734515,2.453153846153846,0.7915128205128206,-0.5061056910569106,80.58839743589745,8.322179487179486,41.799090909090914,5.83576923076923,-0.6416025641025641,4.654876033057851,0.0,0.0,0.0,0.0,0.0,0.0,331.4842767295597,1.375147435897436
VI,2021,60.967289719626166,-10.94811320754717,-0.3037037037037037,392.02515723270443,8.953333333333333,-84.79245283018868,1.0780064102564104,0.18850000000000003,-0.40193805309734515,2.453153846153846,0.7915128205128206,-0.5061056910569106,80.58839743589745,8.322179487179486,41.799090909090914,5.83576923076923,-0.6416025641025641,4.654876033057851,0.0,0.0,0.0,0.0,0.0,0.0,331.4842767295597,1.375147435897436
VI,2022,10.0,-10.94811320754717,-0.3037037037037037,392.02515723270443,8.953333333333333,-84.79245283018868,1.0780064102564104,0.18850000000000003,-0.40193805309734515,2.453153846153846,0.7915128205128206,-0.5061056910569106,80.58839743589745,8.322179487179486,41.799090909090914,5.83576923076923,-0.6416025641025641,4.654876033057851,0.0,0.0,0.0,0.0,0.0,0.0,331.4842767295597,1.375147435897436
VT,2019,57.0,-6.0,-0.3037037037037037,531.0,71.0,-84.79245283018868,1.0070000000000001,0.0,-0.40193805309734515,2.535,0.859,-0.5061056910569106,48.48,11.68,41.799090909090914,4.29,0.02999999999999936,4.654876033057851,0.0,0.0,0.0,0.0,0.0,0.0,474.0,1.528
VT,2020,52.0,-9.0,-0.3037037037037037,535.0,-5.0,-84.79245283018868,1.0070000000000001,0.18499999999999994,-0.40193805309734515,2.8280000000000003,0.7989999999999999,-0.5061056910569106,40.26,7.439999999999998,9.559999999999995,2.72,0.4200000000000004,4.654876033057851,-5.0,4.0,0.0,0.29300000000000015,-8.219999999999999,-1.5699999999999998,483.0,1.8210000000000002
VT,2021,57.0,-13.0,-0.3037037037037037,516.0,95.0,-84.79245283018868,0.8620000000000001,0.16200000000000003,-0.40193805309734515,2.826,0.98,-0.5061056910569106,40.99,8.470000000000006,21.04,2.93,0.8700000000000001,4.654876033057851,5.0,-19.0,-0.14500000000000002,-0.002000000000000224,0.730000000000004,0.20999999999999996,459.0,1.964
VT,2022,59.0,-14.0,-0.3037037037037037,392.02515723270443,8.953333333333333,-84.79245283018868,1.0780064102564104,0.18850000000000003,-0.40193805309734515,2.453153846153846,0.7915128205128206,-0.5061056910569106,80.58839743589745,8.322179487179486,41.799090909090914,5.83576923076923,-0.6416025641025641,4.654876033057851,2.0,0.0,0.0,0.0,0.0,0.0,331.4842767295597,1.375147435897436
WA,2019,48.0,-9.0,-0.3037037037037037,418.0,105.0,-84.79245283018868,0.938,0.16599999999999993,-0.3690000000000001,2.05,0.6859999999999999,-0.7099999999999997,64.1,7.159999999999997,29.430000000000007,3.91,-0.3199999999999994,2.68,0.0,0.0,0.0,0.0,0.0,0.0,370.0,1.1119999999999999
WA,2020,49.0,-13.0,-0.3037037037037037,330.0,64.0,-84.79245283018868,0.804,0.17400000000000004,-0.13600000000000012,2.0540000000000003,0.79,-0.28100000000000014,53.56,6.100000000000001,29.120000000000005,2.47,0.06000000000000005,3.1599999999999997,1.0,-88.0,-0.1339999999999999,0.004000000000000448,-10.539999999999992,-1.44,281.0,1.2500000000000002
WA,2021,47.0,-5.0,-20.0,309.0,-44.0,-84.79245283018868,0.8029999999999999,0.16600000000000004,-0.2570000000000001,2.2119999999999997,0.8960000000000001,-0.3799999999999999,54.03,4.710000000000001,32.629999999999995,2.09,-0.44999999999999973,2.1500000000000004,-2.0,-21.0,-0.001000000000000112,0.15799999999999947,0.46999999999999886,-0.38000000000000034,262.0,1.4089999999999998
WA,2022,48.0,-9.0,-22.0,392.02515723270443,8.953333333333333,-84.79245283018868,1.0780064102564104,0.18850000000000003,-0.40193805309734515,2.453153846153846,0.7915128205128206,-0.5061056910569106,80.58839743589745,8.322179487179486,41.799090909090914,5.83576923076923,-0.6416025641025641,4.654876033057851,1.0,0.0,0.0,0.0,0.0,0.0,331.4842767295597,1.375147435897436
WI,2019,49.0,-15.0,-0.3037037037037037,468.0,-73.0,-84.79245283018868,1.012,0.2460000000000001,-0.08400000000000007,2.241,0.8899999999999999,0.2589999999999999,91.34,16.599999999999994,146.52,7.38,-0.6900000000000004,12.86,0.0,0.0,0.0,0.0,0.0,0.0,419.0,1.229
WI,2020,47.0,11.0,57.0,402.0,-126.0,-84.79245283018868,0.9740000000000001,0.17400000000000004,0.16300000000000003,2.589,0.8109999999999999,1.2629999999999995,83.02,14.759999999999991,175.73000000000002,4.48,-0.16000000000000014,12.670000000000002,-2.0,-66.0,-0.03799999999999992,0.34799999999999986,-8.320000000000007,-2.8999999999999995,355.0,1.6149999999999998
WI,2021,49.0,3.0,-0.3037037037037037,368.0,51.0,-84.79245283018868,0.8790000000000001,0.1339999999999999,0.20799999999999985,2.4250000000000003,0.7479999999999998,1.2169999999999996,82.7,10.340000000000003,189.22,4.05,-0.69,13.569999999999999,2.0,-34.0,-0.09499999999999997,-0.1639999999999997,-0.3199999999999932,-0.4300000000000006,319.0,1.5460000000000003
WI,2022,58.0,-8.0,51.0,392.02515723270443,8.953333333333333,-84.79245283018868,1.0780064102564104,0.18850000000000003,-0.40193805309734515,2.453153846153846,0.7915128205128206,-0.5061056910569106,80.58839743589745,8.322179487179486,41.799090909090914,5.83576923076923,-0.6416025641025641,4.654876033057851,9.0,0.0,0.0,0.0,0.0,0.0,331.4842767295597,1.375147435897436
WV,2019,107.0,-7.0,-0.3037037037037037,464.0,-233.0,-84.79245283018868,1.744,0.22299999999999986,-0.8179999999999997,3.569,1.06,-1.0419999999999998,156.97,1.8499999999999943,-2.829999999999984,14.73,-2.8299999999999983,0.34999999999999964,0.0,0.0,0.0,0.0,0.0,0.0,357.0,1.825
WV,2020,119.0,-14.0,-0.3037037037037037,484.0,-62.0,-84.79245283018868,1.672,0.16699999999999982,-0.607,3.824,1.04,-0.6680000000000001,131.41,7.289999999999992,5.25,8.81,-1.3200000000000003,0.0600000000000005,12.0,20.0,-0.07200000000000006,0.2549999999999999,-25.560000000000002,-5.92,365.0,2.152
WV,2021,115.0,-26.0,-16.0,462.0,-60.0,-84.79245283018868,1.6500000000000001,0.09799999999999986,-0.7480000000000002,4.156000000000001,0.9870000000000001,-1.104,133.08,-5.6200000000000045,13.829999999999984,7.8,-1.3800000000000008,-1.4100000000000001,-4.0,-22.0,-0.021999999999999797,0.33200000000000074,1.670000000000016,-1.0100000000000007,347.0,2.5060000000000002
WV,2022,123.0,-15.0,-0.3037037037037037,392.02515723270443,8.953333333333333,-84.79245283018868,1.0780064102564104,0.18850000000000003,-0.40193805309734515,2.453153846153846,0.7915128205128206,-0.5061056910569106,80.58839743589745,8.322179487179486,41.799090909090914,5.83576923076923,-0.6416025641025641,4.654876033057851,8.0,0.0,0.0,0.0,0.0,0.0,331.4842767295597,1.375147435897436
WY,2019,60.0,-2.0,-0.3037037037037037,670.0,-58.0,-84.79245283018868,1.449,0.20299999999999985,-0.40193805309734515,3.0500000000000003,1.1420000000000003,-0.5061056910569106,50.6,6.390000000000001,52.86,4.36,-0.75,4.654876033057851,0.0,0.0,0.0,0.0,0.0,0.0,610.0,1.6010000000000002
WY,2020,55.0,-13.0,-0.3037037037037037,347.0,-26.0,-84.79245283018868,1.476,0.15100000000000025,-0.40193805309734515,3.534,0.8969999999999998,-0.5061056910569106,40.93,1.8599999999999994,10.0,2.62,-0.33999999999999986,4.654876033057851,-5.0,-323.0,0.026999999999999913,0.48399999999999954,-9.670000000000002,-1.7400000000000002,292.0,2.058
WY,2021,56.0,-5.0,-0.3037037037037037,445.0,-185.0,-84.79245283018868,1.3430000000000002,-0.0019999999999997797,-0.40193805309734515,3.677,1.1589999999999998,-0.5061056910569106,39.13,-0.39000000000000057,25.299999999999997,2.19,-0.94,4.654876033057851,1.0,98.0,-0.13299999999999979,0.14300000000000024,-1.7999999999999972,-0.43000000000000016,389.0,2.3339999999999996
WY,2022,60.0,-9.0,-0.3037037037037037,392.02515723270443,8.953333333333333,-84.79245283018868,1.0780064102564104,0.18850000000000003,-0.40193805309734515,2.453153846153846,0.7915128205128206,-0.5061056910569106,80.58839743589745,8.322179487179486,41.799090909090914,5.83576923076923,-0.6416025641025641,4.654876033057851,4.0,0.0,0.0,0.0,0.0,0.0,331.4842767295597,1.375147435897436
